part_number,price,pp_link
812301J010,701,https://oriparts.com/redirect/product/820447
81456-07000,192,https://oriparts.com/redirect/product/820449
817201J020,645,https://oriparts.com/redirect/product/820450
817501J0009R,858,https://oriparts.com/redirect/product/820451
817701J000,611,https://oriparts.com/redirect/product/820452
817701J010,611,https://oriparts.com/redirect/product/820453
817801J000,611,https://oriparts.com/redirect/product/820454
817801J010,611,https://oriparts.com/redirect/product/820455
84550-2K000,2666,https://oriparts.com/redirect/product/824957
4950602A00,1597,https://oriparts.com/redirect/product/826834
957601V010,10236,https://oriparts.com/redirect/product/847912
